Employee_id_No,Full_Name,Email,Birth_year,Phone_Number
2001,Vincent Wanjala,vincentwanjala@gmail.com,1961,75689412
2803,Susan Neema,susaneema@gmail.com,1980,712345678
2808,Millicent Yetu,millicentyetu@gmail.com,2000,77856932
2850,Allan Kimani,allankimani@gmail.com,1986,788201398
2916,Kimani Otieno,kimaniotieno@gmail.com,1980,714523689
3109,Cynthia Omondi,omondicynt@gmail.com,2001,78963524
5993,Otieno Kimani,otienokimani@gamil.com,2002,788968993
