Employee_id_No,Department_name,Designation,Full_Name,Email,Birth_year,Phone_Number
3109,Medical,Nurse,Cynthia Omondi,omondicynt@gmail.com,2001,78963524
2916,Finance,D.HOD,Kimani Otieno,kimaniotieno@gmail.com,1980,714523689
2850,IT,HOD,Allan Kimani,allankimani@gmail.com,1986,788201398
2803,Electrical,Supervisor,Susan Neema,susaneema@gmail.com,1980,712345678
,,,Vincent Wanjala,vincentwanjala@gmail.com,1961,75689412
,,,Millicent Yetu,millicentyetu@gmail.com,2000,77856932
,,,Otieno Kimani,otienokimani@gamil.com,2002,788968993
